,human
GCA_000008145.1_ASM814v1_genomic,1
GCA_000018725.1_ASM1872v1_genomic,1
GCA_000054005.1_ASM5400v1_genomic,1
GCA_000157675.1_ASM15767v1_genomic,1
GCA_000157695.1_ASM15769v1_genomic,1
GCA_000157715.1_ASM15771v1_genomic,1
GCA_000157735.1_ASM15773v1_genomic,1
GCA_000158795.1_ASM15879v1_genomic,1
GCA_000160255.1_ASM16025v1_genomic,1
GCA_000163115.1_ASM16311v1_genomic,1
GCA_000182625.1_ASM18262v1_genomic,1
GCA_000238175.1_ASM23817v1_genomic,1
GCA_000245835.1_Bruc_abor_bv1_NI435a_V1_genomic,1
GCA_000245855.1_Bruc_abor_bv1_NI486_V1_genomic,1
GCA_000245875.1_Bruc_abor_bv1_NI474_V1_genomic,1
GCA_000245895.1_Bruc_abor_bv1_NI488_V1_genomic,1
GCA_000245915.1_Bruc_abor_bv1_NI010_V1_genomic,1
GCA_000245935.1_Bruc_abor_bv1_NI016_V1_genomic,1
GCA_000245955.1_Bruc_abor_bv1_NI021_V1_genomic,1
GCA_000245975.1_Bruc_abor_bv1_NI259_V1_genomic,1
GCA_000365605.1_Bruc_abor_F2_06-8_V1_genomic,1
GCA_000365625.1_Bruc_abor_LEVI237_V1_genomic,1
GCA_000365645.1_Bruc_abor_levi_gila_V1_genomic,1
GCA_000365665.1_Bruc_abor_NI240_V1_genomic,1
GCA_000365685.1_Bruc_abor_NI388_V1_genomic,1
GCA_000365725.1_Bruc_abor_F3_07-1_V1_genomic,1
GCA_000365745.1_Bruc_abor_F3_01-0300_V1_genomic,1
GCA_000365765.1_Bruc_abor_F6_05-2_V1_genomic,1
GCA_000365785.1_Bruc_abor_F1_06-B1_V1_genomic,1
GCA_000365805.1_Bruc_abor_NI274_V1_genomic,1
GCA_000365825.1_Bruc_abor_NI492_V1_genomic,1
GCA_000366025.1_Bruc_abor_RB51_V1_genomic,1
GCA_000366105.1_Bruc_abor_65_110_V1_genomic,1
GCA_000366125.1_Bruc_abor_CNGB_752_V1_genomic,1
GCA_000366145.1_Bruc_abor_CNGB_759_V1_genomic,1
GCA_000366165.1_Bruc_abor_CNGB_966_V1_genomic,1
GCA_000366185.1_Bruc_abor_NI380_V1_genomic,1
GCA_000366285.1_Bruc_abor_64_122_V1_genomic,1
GCA_000366305.1_Bruc_abor_67_781_V1_genomic,1
GCA_000366325.1_Bruc_abor_78_36_V1_genomic,1
GCA_000366345.1_Bruc_abor_80_102_V1_genomic,1
GCA_000366365.1_Bruc_abor_80_108_V1_genomic,1
GCA_000366385.1_Bruc_abor_85_140_V1_genomic,1
GCA_000366405.1_Bruc_abor_863_67_V1_genomic,1
GCA_000366425.1_Bruc_abor_88_19_V1_genomic,1
GCA_000366445.1_Bruc_abor_88_226_V1_genomic,1
GCA_000366465.1_Bruc_abor_90_50_V1_genomic,1
GCA_000366485.1_Bruc_abor_93_1_V1_genomic,1
GCA_000366505.1_Bruc_abor_CNGB_1011_V1_genomic,1
GCA_000366525.1_Bruc_abor_CNGB_1432_V1_genomic,1
GCA_000366545.1_Bruc_abor_CNGB_308_V1_genomic,1
GCA_000366565.1_Bruc_abor_CNGB_436_V1_genomic,1
GCA_000366605.1_Bruc_abor_63_59_V1_genomic,1
GCA_000366645.1_Bruc_abor_NI518_V1_genomic,1
GCA_000366665.1_Bruc_abor_NI628_V1_genomic,1
GCA_000366685.1_Bruc_abor_NI593_V1_genomic,1
GCA_000366705.1_Bruc_abor_NI639_V1_genomic,1
GCA_000366725.1_Bruc_abor_NI622_V1_genomic,1
GCA_000366745.1_Bruc_abor_NI613_V1_genomic,1
GCA_000366765.1_Bruc_abor_NI633_V1_genomic,1
GCA_000366785.1_Bruc_abor_NI645_V1_genomic,1
GCA_000366805.1_Bruc_abor_NI649_V1_genomic,1
GCA_000369905.1_Bruc_abor_225_65_V1_genomic,1
GCA_000369925.1_Bruc_abor_355_78_V1_genomic,1
GCA_000369945.1_Bruc_abor_544_V1_genomic,1
GCA_000369965.1_Bruc_abor_600_64_V1_genomic,1
GCA_000369985.1_Bruc_abor_63_130_V1_genomic,1
GCA_000370005.1_Bruc_abor_63_138_V1_genomic,1
GCA_000370025.1_Bruc_abor_63_144_V1_genomic,1
GCA_000370045.1_Bruc_abor_63_168_V1_genomic,1
GCA_000370065.1_Bruc_abor_63_294_V1_genomic,1
GCA_000370085.1_Bruc_abor_64_108_V1_genomic,1
GCA_000370105.1_Bruc_abor_64_81_V1_genomic,1
GCA_000370125.1_Bruc_abor_65_157_V1_genomic,1
GCA_000370145.1_Bruc_abor_65_63_V1_genomic,1
GCA_000370165.1_Bruc_abor_67_93_V1_genomic,1
GCA_000370185.1_Bruc_abor_78_14_V1_genomic,1
GCA_000370205.1_Bruc_abor_78_32_V1_genomic,1
GCA_000370225.1_Bruc_abor_80_101_V1_genomic,1
GCA_000370245.1_Bruc_abor_80_28_V1_genomic,1
GCA_000370265.1_Bruc_abor_84_26_V1_genomic,1
GCA_000370285.1_Bruc_abor_85_69_V1_genomic,1
GCA_000370305.1_Bruc_abor_87_28_V1_genomic,1
GCA_000370325.1_Bruc_abor_877_67_V1_genomic,1
GCA_000370345.1_Bruc_abor_88_217_V1_genomic,1
GCA_000370365.1_Bruc_abor_F1_06-B21_V1_genomic,1
GCA_000370385.1_Bruc_abor_F10_05-11_V1_genomic,1
GCA_000370405.1_Bruc_abor_F10_06-3_V1_genomic,1
GCA_000370425.1_Bruc_abor_F5_04-7_V1_genomic,1
GCA_000370445.1_Bruc_abor_F6_05-3_V1_genomic,1
GCA_000370465.1_Bruc_abor_F6_05-4_V1_genomic,1
GCA_000370485.1_Bruc_abor_F6_05-9_V1_genomic,1
GCA_000370505.1_Bruc_abor_NI352_V1_genomic,1
GCA_000370525.1_Bruc_abor_NI422_V1_genomic,1
GCA_000370545.1_Bruc_abor_NI495a_V1_genomic,1
GCA_000370565.1_Bruc_abor_R42-08_V1_genomic,1
GCA_000398805.1_Bruc_abor_93_2_V1_genomic,1
GCA_000399725.1_Bruc_abor_I103_UK3_01_V1_genomic,1
GCA_000413495.1_Bruc_abor_biovar_1_76-1413_V1_genomic,1
GCA_000413535.1_Bruc_abor_biovar_4_68-3396P_V1_genomic,1
GCA_000413555.1_Bruc_abor_biovar_2_82-3893_V1_genomic,1
GCA_000413575.1_Bruc_abor_biovar_1_84-0928_V1_genomic,1
GCA_000413595.1_Bruc_abor_biovar_1_85-1058_V1_genomic,1
GCA_000413615.1_Bruc_abor_biovar_1_87-0095_V1_genomic,1
GCA_000413635.1_Bruc_abor_biovar_1_90-0962_V1_genomic,1
GCA_000413655.1_Bruc_abor_biovar_1_90-0742_V1_genomic,1
GCA_000413675.1_Bruc_abor_biovar_4_90-0775_V1_genomic,1
GCA_000413695.1_Bruc_abor_biovar_2_90-0737_V1_genomic,1
GCA_000413715.1_Bruc_abor_biovar_2_90-1280_V1_genomic,1
GCA_000413735.1_Bruc_abor_biovar_1_94-1313_V1_genomic,1
GCA_000413755.1_Bruc_abor_biovar_1_01-0648_V1_genomic,1
GCA_000413775.1_Bruc_abor_biovar_1_01-0585_V1_genomic,1
GCA_000413795.1_Bruc_abor_biovar_1_01-0065_V1_genomic,1
GCA_000413815.1_Bruc_abor_biovar_1_B10-0018_V1_genomic,1
GCA_000413835.1_Bruc_abor_biovar_1_B10-0973_V1_genomic,1
GCA_000413955.1_Bruc_abor_biovar_1_B10-0091_V1_genomic,1
GCA_000413975.1_Bruc_abor_biovar_1_89-0363_V1_genomic,1
GCA_000413995.1_Bruc_abor_biovar_1_87-2211_V1_genomic,1
GCA_000414015.1_Bruc_abor_biovar_1_82-2330_V1_genomic,1
GCA_000472245.1_Denovo_assembly_genomic,1
GCA_000473805.1_Brucella82_genomic,1
GCA_000478665.1_Bruc_abor_biovar_1_80-1399_V1_genomic,1
GCA_000479955.1_Bruc_abor_01-4165_V1_genomic,1
GCA_000479995.1_Bruc_abor_03-2770-11_V1_genomic,1
GCA_000480015.1_Bruc_abor_90-12178_V1_genomic,1
GCA_000480075.1_Bruc_abor_03-4923-239-D_V1_genomic,1
GCA_000480115.1_Bruc_abor_99-9971-159_V1_genomic,1
GCA_000480175.1_Bruc_abor_89-2646-1238_V1_genomic,1
GCA_000480235.1_Bruc_abor_07-0994-2411_V1_genomic,1
GCA_000480255.1_Bruc_abor_99-9971-135_V1_genomic,1
GCA_000739315.1_ASM73931v1_genomic,1
GCA_000739325.1_ASM73932v1_genomic,1
GCA_000739335.1_ASM73933v1_genomic,1
GCA_000740135.1_ASM74013v1_genomic,1
GCA_000740155.1_ASM74015v1_genomic,1
GCA_000740175.1_ASM74017v1_genomic,1
GCA_000740195.1_ASM74019v1_genomic,1
GCA_000740215.1_ASM74021v1_genomic,1
GCA_000740295.1_ASM74029v1_genomic,1
GCA_000740315.1_ASM74031v1_genomic,1
GCA_000740375.1_ASM74037v1_genomic,1
GCA_000740945.1_ASM74094v1_genomic,1
GCA_000742195.1_ASM74219v1_genomic,1
GCA_000742215.1_ASM74221v1_genomic,1
GCA_000742275.1_ASM74227v1_genomic,1
GCA_000755125.1_ASM75512v1_genomic,1
GCA_001038665.1_ASM103866v1_genomic,1
GCA_001043295.1_ASM104329v1_genomic,1
GCA_001267725.1_ASM126772v1_genomic,1
GCA_001296965.1_ASM129696v1_genomic,0
GCA_001401915.1_ASM140191v1_genomic,1
GCA_001401925.1_ASM140192v1_genomic,1
GCA_001401935.1_ASM140193v1_genomic,1
GCA_001401945.1_ASM140194v1_genomic,1
GCA_001401995.1_ASM140199v1_genomic,1
GCA_001402005.1_ASM140200v1_genomic,1
GCA_001402025.1_ASM140202v1_genomic,1
GCA_001402055.1_ASM140205v1_genomic,1
GCA_001402075.1_ASM140207v1_genomic,1
GCA_001402095.1_ASM140209v1_genomic,1
GCA_001402105.1_ASM140210v1_genomic,1
GCA_001715505.1_ASM171550v1_genomic,1
GCA_001856185.1_ASM185618v1_genomic,1
GCA_001856195.1_ASM185619v1_genomic,1
GCA_001856205.1_ASM185620v1_genomic,1
GCA_001856215.1_ASM185621v1_genomic,1
GCA_001856265.1_ASM185626v1_genomic,1
GCA_001856305.1_ASM185630v1_genomic,1
GCA_001856345.1_ASM185634v1_genomic,1
GCA_001866335.1_ASM186633v1_genomic,1
GCA_002262975.1_ASM226297v1_genomic,1
GCA_002262995.1_ASM226299v1_genomic,1
GCA_002290665.1_ASM229066v1_genomic,1
GCA_002290685.1_ASM229068v1_genomic,1
GCA_002290705.1_ASM229070v1_genomic,1
GCA_002290725.1_ASM229072v1_genomic,1
GCA_002290745.1_ASM229074v1_genomic,1
GCA_002290765.1_ASM229076v1_genomic,1
GCA_002290785.1_ASM229078v1_genomic,1
GCA_002290805.1_ASM229080v1_genomic,1
GCA_002291205.1_ASM229120v1_genomic,1
GCA_002291225.1_ASM229122v1_genomic,1
GCA_002291245.1_ASM229124v1_genomic,1
GCA_002291285.1_ASM229128v1_genomic,1
GCA_002291305.1_ASM229130v1_genomic,1
GCA_002291325.1_ASM229132v1_genomic,1
GCA_002291345.1_ASM229134v1_genomic,1
GCA_002291365.1_ASM229136v1_genomic,1
GCA_002291385.1_ASM229138v1_genomic,1
GCA_002310355.1_ASM231035v1_genomic,1
GCA_002895145.1_ASM289514v1_genomic,1
GCA_003194755.1_ASM319475v1_genomic,1
GCA_003194765.1_ASM319476v1_genomic,1
GCA_003194795.1_ASM319479v1_genomic,1
GCA_003194805.1_ASM319480v1_genomic,1
GCA_003194825.1_ASM319482v1_genomic,1
GCA_003194875.1_ASM319487v1_genomic,1
GCA_003194885.1_ASM319488v1_genomic,1
GCA_003194895.1_ASM319489v1_genomic,1
GCA_003244395.3_ASM324439v3_genomic,1
GCA_003253375.1_ASM325337v1_genomic,1
GCA_003290345.1_ASM329034v1_genomic,1
GCA_003675365.1_ASM367536v1_genomic,1
GCA_003965935.1_ASM396593v1_genomic,1
GCA_003965945.1_ASM396594v1_genomic,1
GCA_003984745.1_ASM398474v1_genomic,1
GCA_003984755.1_ASM398475v1_genomic,1
GCA_003989715.1_ASM398971v1_genomic,1
GCA_003989725.1_ASM398972v1_genomic,1
GCA_003989905.1_ASM398990v1_genomic,1
GCA_003989955.1_ASM398995v1_genomic,1
GCA_003989965.1_ASM398996v1_genomic,1
GCA_003994025.1_ASM399402v1_genomic,1
GCA_003994075.1_ASM399407v1_genomic,1
GCA_003994155.1_ASM399415v1_genomic,1
GCA_003994435.1_ASM399443v1_genomic,1
GCA_004137225.1_ASM413722v1_genomic,1
GCA_004137275.1_ASM413727v1_genomic,1
GCA_004137325.1_ASM413732v1_genomic,1
GCA_004168605.1_ASM416860v1_genomic,1
GCA_004704905.2_ASM470490v2_genomic,1
GCA_008761575.1_ASM876157v1_genomic,1
GCA_009728165.1_B_abortus_str_240_genomic,1
GCA_009728185.1_ASM972818v1_genomic,1
GCA_009733175.1_Brucella_abortus_317_genomic,1
GCA_009733195.1_Brucella_abortus_313_genomic,1
GCA_009733205.1_Brucella_abortus_264_genomic,1
GCA_009733215.1_Brucella_abortus_293_genomic,1
GCA_009733255.1_Brucella_abortus_381_genomic,1
GCA_009733285.1_Brucella_abortus_403_genomic,1
GCA_009733335.1_Brucella_abortus_1552_genomic,1
GCA_009733365.1_Brucella_abortus_C-550_genomic,1
GCA_009733375.1_Brucella_abortus_C-551_genomic,1
GCA_009733435.1_Brucella_abortus_I-12_genomic,1
GCA_009733455.1_Brucella_abortus_I-29_genomic,1
GCA_009733465.1_Brucella_abortus_I-34_genomic,1
GCA_009733495.1_Brucella_abortus_I-181_genomic,1
GCA_009789215.1_ASM978921v1_genomic,1
GCA_009789365.1_ASM978936v1_genomic,1
GCA_011801185.1_ASM1180118v1_genomic,1
GCA_013425785.1_ASM1342578v1_genomic,1
GCA_016091955.1_ASM1609195v1_genomic,1
GCA_016091965.1_ASM1609196v1_genomic,1
GCA_016107505.1_ASM1610750v1_genomic,1
GCA_016126075.1_ASM1612607v1_genomic,1
GCA_016126095.1_ASM1612609v1_genomic,1
GCA_016126105.1_ASM1612610v1_genomic,1
GCA_016126115.1_ASM1612611v1_genomic,1
GCA_016126135.1_ASM1612613v1_genomic,1
GCA_016126175.1_ASM1612617v1_genomic,1
GCA_016126195.1_ASM1612619v1_genomic,1
GCA_016126205.1_ASM1612620v1_genomic,1
GCA_016126215.1_ASM1612621v1_genomic,1
GCA_016126245.1_ASM1612624v1_genomic,1
GCA_016483915.1_ASM1648391v1_genomic,1
GCA_016483965.1_ASM1648396v1_genomic,1
GCA_016483975.1_ASM1648397v1_genomic,1
GCA_016484065.1_ASM1648406v1_genomic,1
GCA_016484075.1_ASM1648407v1_genomic,1
GCA_016484145.1_ASM1648414v1_genomic,1
GCA_018604785.1_ASM1860478v1_genomic,1
GCA_022426825.1_ASM2242682v1_genomic,1
GCA_022426845.1_ASM2242684v1_genomic,1
GCA_022426865.1_ASM2242686v1_genomic,1
GCA_022426885.1_ASM2242688v1_genomic,1
GCA_022426895.1_ASM2242689v1_genomic,1
GCA_023650975.1_ASM2365097v1_genomic,1
GCA_023650995.1_ASM2365099v1_genomic,1
GCA_023651015.1_ASM2365101v1_genomic,1
GCA_023651035.1_ASM2365103v1_genomic,1
GCA_023651055.1_ASM2365105v1_genomic,1
GCA_023651075.1_ASM2365107v1_genomic,1
GCA_023651095.1_ASM2365109v1_genomic,1
GCA_023651115.1_ASM2365111v1_genomic,1
GCA_023651135.1_ASM2365113v1_genomic,1
GCA_023651155.1_ASM2365115v1_genomic,1
GCA_023651175.1_ASM2365117v1_genomic,1
GCA_023651195.1_ASM2365119v1_genomic,1
GCA_023651215.1_ASM2365121v1_genomic,1
GCA_023651235.1_ASM2365123v1_genomic,1
GCA_023651255.1_ASM2365125v1_genomic,1
GCA_023651275.1_ASM2365127v1_genomic,1
GCA_023651295.1_ASM2365129v1_genomic,1
GCA_023651315.1_ASM2365131v1_genomic,1
GCA_023651335.1_ASM2365133v1_genomic,1
GCA_023651355.1_ASM2365135v1_genomic,1
GCA_023651375.1_ASM2365137v1_genomic,1
GCA_023651395.1_ASM2365139v1_genomic,1
GCA_023651415.1_ASM2365141v1_genomic,1
GCA_023651435.1_ASM2365143v1_genomic,1
GCA_023651455.1_ASM2365145v1_genomic,1
GCA_023651475.1_ASM2365147v1_genomic,1
GCA_023651495.1_ASM2365149v1_genomic,1
GCA_023651515.1_ASM2365151v1_genomic,1
GCA_023651535.1_ASM2365153v1_genomic,1
GCA_023651555.1_ASM2365155v1_genomic,1
GCA_023651575.1_ASM2365157v1_genomic,1
GCA_023651595.1_ASM2365159v1_genomic,1
GCA_023651615.1_ASM2365161v1_genomic,1
GCA_023651635.1_ASM2365163v1_genomic,1
GCA_023651655.1_ASM2365165v1_genomic,1
GCA_023651675.1_ASM2365167v1_genomic,1
GCA_023651695.1_ASM2365169v1_genomic,1
GCA_023651805.1_ASM2365180v1_genomic,1
GCA_023651845.1_ASM2365184v1_genomic,1
GCA_023704275.1_ASM2370427v1_genomic,1
GCA_029324845.1_ASM2932484v1_genomic,1
GCA_029324855.1_ASM2932485v1_genomic,1
GCA_029324865.1_ASM2932486v1_genomic,1
GCA_029324875.1_ASM2932487v1_genomic,1
GCA_029324915.1_ASM2932491v1_genomic,1
GCA_029324945.1_ASM2932494v1_genomic,1
GCA_900095085.1_14913_1_10_genomic,1
GCA_900446005.1_58116_B01_genomic,1
GCA_900446015.1_58932_C01_genomic,1
GCA_900446025.1_58932_E01_genomic,1
GCA_900446045.1_58932_D01_genomic,1
GCA_900446055.1_59014_A01_genomic,1
GCA_900446065.1_58932_F01_genomic,1
GCA_000007125.1_ASM712v1_genomic,1
GCA_000022625.1_ASM2262v1_genomic,1
GCA_000158695.1_ASM15869v1_genomic,1
GCA_000158735.1_ASM15873v1_genomic,1
GCA_000160295.1_ASM16029v1_genomic,1
GCA_000182235.1_ASM18223v1_genomic,1
GCA_000192725.1_ASM19272v1_genomic,1
GCA_000192885.1_ASM19288v1_genomic,1
GCA_000209575.2_ASM20957v2_genomic,1
GCA_000209595.2_ASM20959v2_genomic,1
GCA_000209615.2_ASM20961v2_genomic,1
GCA_000227645.1_ASM22764v1_genomic,1
GCA_000331655.1_Brucella_melitensis_043_genomic,1
GCA_000365845.1_Bruc_meli_F15_06-7_V1_genomic,1
GCA_000365865.1_Bruc_meli_B115_V1_genomic,1
GCA_000366585.1_Bruc_meli_UK22_06_V1_genomic,1
GCA_000366625.1_Bruc_meli_CNGB_1076_V1_genomic,1
GCA_000366845.1_Bruc_meli_64_150_V1_genomic,1
GCA_000366865.1_Bruc_meli_66_59_V1_genomic,1
GCA_000366885.1_Bruc_meli_CNGB_1120_V1_genomic,1
GCA_000366905.1_Bruc_meli_CNGB_290_V1_genomic,1
GCA_000366925.1_Bruc_meli_F10_05-2_V1_genomic,1
GCA_000366945.1_Bruc_meli_F2_06-6_V1_genomic,1
GCA_000366965.1_Bruc_meli_F3_02_V1_genomic,1
GCA_000366985.1_Bruc_meli_F5_07-239A_V1_genomic,1
GCA_000367005.1_Bruc_meli_F6_05-6_V1_genomic,1
GCA_000367025.1_Bruc_meli_R3_07-2_V1_genomic,1
GCA_000367045.1_Bruc_meli_UK19_04_V1_genomic,1
GCA_000370625.1_Bruc_meli_BG2_S27_V1_genomic,1
GCA_000370645.1_Bruc_meli_F1_06_B10_V1_genomic,1
GCA_000370665.1_Bruc_meli_F10_06-16_V1_genomic,1
GCA_000370685.1_Bruc_meli_F8_01-155_V1_genomic,1
GCA_000370705.1_Bruc_meli_F9_05_V1_genomic,1
GCA_000370725.1_Bruc_meli_UK14_06_V1_genomic,1
GCA_000370745.1_Bruc_meli_UK22_04_V1_genomic,1
GCA_000370765.1_Bruc_meli_UK23_06_V1_genomic,1
GCA_000370785.1_Bruc_meli_Uk24_06_V1_genomic,1
GCA_000370805.1_Bruc_meli_UK29_05_V1_genomic,1
GCA_000370825.1_Bruc_meli_UK3_06_V1_genomic,1
GCA_000370845.1_Bruc_meli_UK31_99_V1_genomic,1
GCA_000370865.1_Bruc_meli_UK37_05_V1_genomic,1
GCA_000444515.1_Denovo_assembly_genomic,1
GCA_000479975.1_Bruc_meli_02-7258_V1_genomic,1
GCA_000480095.1_Bruc_meli_02-5863-1_V1_genomic,1
GCA_000480215.1_Bruc_meli_11-1823-3434_V1_genomic,1
GCA_000705115.1_Brucella_melitensis_C-555_genomic,1
GCA_000740355.1_ASM74035v1_genomic,1
GCA_000740395.1_ASM74039v1_genomic,1
GCA_000740415.1_ASM74041v1_genomic,1
GCA_000938035.1_Brucella_melitensis_Phil1136_12_genomic,1
GCA_000940435.1_Brucella_melitensis_MY1483_09_genomic,1
GCA_000988815.1_BMEL001-SEQ-1-ASM-1_genomic,1
GCA_001302495.1_ASM130249v1_genomic,1
GCA_001302545.1_ASM130254v1_genomic,1
GCA_001307425.1_ASM130742v1_genomic,1
GCA_001307445.1_ASM130744v1_genomic,1
GCA_001307475.2_ASM130747v2_genomic,1
GCA_001431745.1_ASM143174v1_genomic,1
GCA_001608355.1_BMEL002-SEQ-1-ASM-1_genomic,1
GCA_001608425.1_BMEL003-SEQ-1-ASM-1_genomic,1
GCA_001702255.1_ASM170225v1_genomic,1
GCA_001702305.1_ASM170230v1_genomic,1
GCA_001702315.1_ASM170231v1_genomic,1
GCA_001702335.1_ASM170233v1_genomic,1
GCA_001702375.1_ASM170237v1_genomic,1
GCA_001715465.1_ASM171546v1_genomic,1
GCA_001715485.1_ASM171548v1_genomic,1
GCA_001856285.1_ASM185628v1_genomic,1
GCA_001856295.1_ASM185629v1_genomic,1
GCA_001856365.1_ASM185636v1_genomic,1
GCA_001857585.1_ASM185758v1_genomic,1
GCA_002191235.1_ASM219123v1_genomic,1
GCA_002191255.1_ASM219125v1_genomic,1
GCA_002191275.1_ASM219127v1_genomic,1
GCA_002191295.1_ASM219129v1_genomic,1
GCA_002191315.1_ASM219131v1_genomic,1
GCA_002191335.1_ASM219133v1_genomic,1
GCA_002191355.1_ASM219135v1_genomic,1
GCA_002191375.1_ASM219137v1_genomic,1
GCA_002191395.1_ASM219139v1_genomic,1
GCA_002191415.1_ASM219141v1_genomic,1
GCA_002191435.1_ASM219143v1_genomic,1
GCA_002191455.1_ASM219145v1_genomic,1
GCA_002191475.1_ASM219147v1_genomic,1
GCA_002191495.1_ASM219149v1_genomic,1
GCA_002191515.1_ASM219151v1_genomic,1
GCA_002191535.1_ASM219153v1_genomic,1
GCA_002191555.1_ASM219155v1_genomic,1
GCA_002191575.1_ASM219157v1_genomic,1
GCA_002191595.1_ASM219159v1_genomic,1
GCA_002191615.1_ASM219161v1_genomic,1
GCA_002191635.1_ASM219163v1_genomic,1
GCA_002191655.1_ASM219165v1_genomic,1
GCA_002191675.1_ASM219167v1_genomic,1
GCA_002191695.1_ASM219169v1_genomic,1
GCA_002191715.1_ASM219171v1_genomic,1
GCA_002191735.1_ASM219173v1_genomic,1
GCA_002191755.1_ASM219175v1_genomic,1
GCA_002191775.1_ASM219177v1_genomic,1
GCA_002191795.1_ASM219179v1_genomic,1
GCA_002191815.1_ASM219181v1_genomic,1
GCA_002191835.1_ASM219183v1_genomic,1
GCA_002191855.1_ASM219185v1_genomic,1
GCA_002191875.1_ASM219187v1_genomic,1
GCA_002191895.1_ASM219189v1_genomic,1
GCA_002191915.1_ASM219191v1_genomic,1
GCA_002191935.1_ASM219193v1_genomic,1
GCA_002191995.1_ASM219199v1_genomic,1
GCA_002192015.1_ASM219201v1_genomic,1
GCA_002192035.1_ASM219203v1_genomic,1
GCA_002192055.1_ASM219205v1_genomic,1
GCA_002192075.1_ASM219207v1_genomic,1
GCA_002192095.1_ASM219209v1_genomic,1
GCA_002192115.1_ASM219211v1_genomic,1
GCA_002192135.1_ASM219213v1_genomic,1
GCA_002192155.1_ASM219215v1_genomic,1
GCA_002192175.1_ASM219217v1_genomic,1
GCA_002192195.1_ASM219219v1_genomic,1
GCA_002204265.1_ASM220426v1_genomic,1
GCA_002204295.1_ASM220429v1_genomic,1
GCA_002204335.1_ASM220433v1_genomic,1
GCA_002204345.1_ASM220434v1_genomic,1
GCA_002214285.1_ASM221428v1_genomic,1
GCA_002245205.1_ASM224520v1_genomic,1
GCA_002245225.1_ASM224522v1_genomic,1
GCA_002245235.1_ASM224523v1_genomic,1
GCA_002262955.1_ASM226295v1_genomic,1
GCA_002263015.1_ASM226301v1_genomic,1
GCA_002266745.1_ASM226674v1_genomic,1
GCA_002266765.1_ASM226676v1_genomic,1
GCA_002266775.1_ASM226677v1_genomic,1
GCA_002266785.1_ASM226678v1_genomic,1
GCA_002278575.1_ASM227857v1_genomic,1
GCA_002278585.1_ASM227858v1_genomic,1
GCA_002278675.1_ASM227867v1_genomic,1
GCA_002278695.1_ASM227869v1_genomic,1
GCA_002278715.1_ASM227871v1_genomic,1
GCA_002278735.1_ASM227873v1_genomic,1
GCA_002290125.1_ASM229012v1_genomic,1
GCA_002631235.1_ASM263123v1_genomic,1
GCA_002763615.1_ASM276361v1_genomic,1
GCA_002871075.1_ASM287107v1_genomic,1
GCA_002895105.1_ASM289510v1_genomic,1
GCA_002895125.1_ASM289512v1_genomic,1
GCA_002953595.1_ASM295359v1_genomic,1
GCA_003205535.1_ASM320553v1_genomic,1
GCA_003432005.1_ASM343200v1_genomic,1
GCA_003452115.1_ASM345211v1_genomic,1
GCA_003452125.1_ASM345212v1_genomic,1
GCA_003457115.1_ASM345711v1_genomic,1
GCA_003514345.1_ASM351434v1_genomic,1
GCA_003514625.1_ASM351462v1_genomic,1
GCA_003516045.1_ASM351604v1_genomic,1
GCA_003516065.1_ASM351606v1_genomic,1
GCA_003516085.1_ASM351608v1_genomic,1
GCA_003538745.1_ASM353874v1_genomic,1
GCA_003856415.1_ASM385641v1_genomic,1
GCA_003989635.1_ASM398963v1_genomic,1
GCA_003989875.1_ASM398987v1_genomic,1
GCA_003989885.1_ASM398988v1_genomic,1
GCA_003989895.1_ASM398989v1_genomic,1
GCA_003991385.1_ASM399138v1_genomic,1
GCA_003993825.1_ASM399382v1_genomic,1
GCA_003993855.1_ASM399385v1_genomic,1
GCA_003993875.1_ASM399387v1_genomic,1
GCA_003993895.1_ASM399389v1_genomic,1
GCA_003993905.1_ASM399390v1_genomic,1
GCA_003993935.1_ASM399393v1_genomic,1
GCA_003993955.1_ASM399395v1_genomic,1
GCA_003993965.1_ASM399396v1_genomic,1
GCA_003993995.1_ASM399399v1_genomic,1
GCA_003994015.1_ASM399401v1_genomic,1
GCA_003994095.1_ASM399409v1_genomic,1
GCA_003994105.1_ASM399410v1_genomic,1
GCA_003994115.1_ASM399411v1_genomic,1
GCA_003994185.1_ASM399418v1_genomic,1
GCA_003994205.1_ASM399420v1_genomic,1
GCA_004208655.1_ASM420865v1_genomic,1
GCA_004208675.1_ASM420867v1_genomic,1
GCA_004208695.1_ASM420869v1_genomic,1
GCA_006505895.1_ASM650589v1_genomic,1
GCA_006505925.1_ASM650592v1_genomic,1
GCA_006505935.1_ASM650593v1_genomic,1
GCA_006505995.1_ASM650599v1_genomic,1
GCA_006506005.1_ASM650600v1_genomic,1
GCA_006506015.1_ASM650601v1_genomic,1
GCA_006506025.1_ASM650602v1_genomic,1
GCA_006506035.1_ASM650603v1_genomic,1
GCA_006506095.1_ASM650609v1_genomic,1
GCA_006506105.1_ASM650610v1_genomic,1
GCA_006506115.1_ASM650611v1_genomic,1
GCA_006506125.1_ASM650612v1_genomic,1
GCA_006506135.1_ASM650613v1_genomic,1
GCA_006506195.1_ASM650619v1_genomic,1
GCA_006506205.1_ASM650620v1_genomic,1
GCA_006506215.1_ASM650621v1_genomic,1
GCA_006506225.1_ASM650622v1_genomic,1
GCA_006506235.1_ASM650623v1_genomic,1
GCA_006506295.1_ASM650629v1_genomic,1
GCA_006506385.1_ASM650638v1_genomic,1
GCA_006506395.1_ASM650639v1_genomic,1
GCA_006506425.1_ASM650642v1_genomic,1
GCA_006506435.1_ASM650643v1_genomic,1
GCA_006506465.1_ASM650646v1_genomic,1
GCA_006506505.1_ASM650650v1_genomic,1
GCA_006506515.1_ASM650651v1_genomic,1
GCA_006506545.1_ASM650654v1_genomic,1
GCA_006506565.1_ASM650656v1_genomic,1
GCA_006506575.1_ASM650657v1_genomic,1
GCA_006506605.1_ASM650660v1_genomic,1
GCA_006506625.1_ASM650662v1_genomic,1
GCA_006506635.1_ASM650663v1_genomic,1
GCA_006506665.1_ASM650666v1_genomic,1
GCA_006506685.1_ASM650668v1_genomic,1
GCA_006506725.1_ASM650672v1_genomic,1
GCA_006506735.1_ASM650673v1_genomic,1
GCA_006506745.1_ASM650674v1_genomic,1
GCA_006506785.1_ASM650678v1_genomic,1
GCA_006506815.1_ASM650681v1_genomic,1
GCA_006506835.1_ASM650683v1_genomic,1
GCA_006506855.1_ASM650685v1_genomic,1
GCA_006506875.1_ASM650687v1_genomic,1
GCA_006506895.1_ASM650689v1_genomic,1
GCA_006506925.1_ASM650692v1_genomic,1
GCA_006506935.1_ASM650693v1_genomic,1
GCA_006506965.1_ASM650696v1_genomic,1
GCA_006506975.1_ASM650697v1_genomic,1
GCA_006506985.1_ASM650698v1_genomic,1
GCA_006506995.1_ASM650699v1_genomic,1
GCA_006507015.1_ASM650701v1_genomic,1
GCA_006507065.1_ASM650706v1_genomic,1
GCA_006507075.1_ASM650707v1_genomic,1
GCA_006507105.1_ASM650710v1_genomic,1
GCA_006507125.1_ASM650712v1_genomic,1
GCA_006507135.1_ASM650713v1_genomic,1
GCA_006507175.1_ASM650717v1_genomic,1
GCA_006507185.1_ASM650718v1_genomic,1
GCA_006507225.1_ASM650722v1_genomic,1
GCA_006507235.1_ASM650723v1_genomic,1
GCA_006507245.1_ASM650724v1_genomic,1
GCA_006507285.1_ASM650728v1_genomic,1
GCA_006507295.1_ASM650729v1_genomic,1
GCA_006507325.1_ASM650732v1_genomic,1
GCA_006507345.1_ASM650734v1_genomic,1
GCA_006507365.1_ASM650736v1_genomic,1
GCA_006507375.1_ASM650737v1_genomic,1
GCA_006507425.1_ASM650742v1_genomic,1
GCA_006507445.1_ASM650744v1_genomic,1
GCA_006507455.1_ASM650745v1_genomic,1
GCA_006507465.1_ASM650746v1_genomic,1
GCA_006507475.1_ASM650747v1_genomic,1
GCA_006507495.1_ASM650749v1_genomic,1
GCA_006507545.1_ASM650754v1_genomic,1
GCA_006507555.1_ASM650755v1_genomic,1
GCA_006507565.1_ASM650756v1_genomic,1
GCA_006507585.1_ASM650758v1_genomic,1
GCA_006507595.1_ASM650759v1_genomic,1
GCA_006507645.1_ASM650764v1_genomic,1
GCA_006507665.1_ASM650766v1_genomic,1
GCA_006507675.1_ASM650767v1_genomic,1
GCA_006507685.1_ASM650768v1_genomic,1
GCA_006507695.1_ASM650769v1_genomic,1
GCA_006507745.1_ASM650774v1_genomic,1
GCA_006507765.1_ASM650776v1_genomic,1
GCA_006507775.1_ASM650777v1_genomic,1
GCA_006507795.1_ASM650779v1_genomic,1
GCA_006507815.1_ASM650781v1_genomic,1
GCA_006507825.1_ASM650782v1_genomic,1
GCA_006507855.1_ASM650785v1_genomic,1
GCA_006507875.1_ASM650787v1_genomic,1
GCA_006507905.1_ASM650790v1_genomic,1
GCA_006507915.1_ASM650791v1_genomic,1
GCA_006507945.1_ASM650794v1_genomic,1
GCA_006507965.1_ASM650796v1_genomic,1
GCA_006507975.1_ASM650797v1_genomic,1
GCA_006508005.1_ASM650800v1_genomic,1
GCA_006508015.1_ASM650801v1_genomic,1
GCA_006508025.1_ASM650802v1_genomic,1
GCA_006508035.1_ASM650803v1_genomic,1
GCA_006517295.1_ASM651729v1_genomic,1
GCA_006517305.1_ASM651730v1_genomic,1
GCA_006517315.1_ASM651731v1_genomic,1
GCA_006517325.1_ASM651732v1_genomic,1
GCA_006517335.1_ASM651733v1_genomic,1
GCA_008761595.1_ASM876159v1_genomic,1
GCA_008761615.1_ASM876161v1_genomic,1
GCA_009017355.1_ASM901735v1_genomic,1
GCA_009017395.1_ASM901739v1_genomic,1
GCA_009789295.1_ASM978929v1_genomic,1
GCA_009789305.1_ASM978930v1_genomic,1
GCA_009789335.1_ASM978933v1_genomic,1
GCA_009789345.1_ASM978934v1_genomic,1
GCA_009789395.1_ASM978939v1_genomic,1
GCA_009789415.1_ASM978941v1_genomic,1
GCA_009789435.1_ASM978943v1_genomic,1
GCA_009789445.1_ASM978944v1_genomic,1
GCA_009789465.1_ASM978946v1_genomic,1
GCA_009797905.1_ASM979790v1_genomic,1
GCA_009823695.1_ASM982369v1_genomic,1
GCA_009823705.1_ASM982370v1_genomic,1
GCA_014270005.1_ASM1427000v1_genomic,1
GCA_016411965.1_ASM1641196v1_genomic,1
GCA_016806105.1_ASM1680610v1_genomic,1
GCA_016887525.1_ASM1688752v1_genomic,1
GCA_017139975.1_ASM1713997v1_genomic,1
GCA_017140095.1_ASM1714009v1_genomic,1
GCA_017177315.1_ASM1717731v1_genomic,1
GCA_017177325.1_ASM1717732v1_genomic,1
GCA_017177355.1_ASM1717735v1_genomic,1
GCA_017177365.1_ASM1717736v1_genomic,1
GCA_017177395.1_ASM1717739v1_genomic,1
GCA_017177425.1_ASM1717742v1_genomic,1
GCA_017177445.1_ASM1717744v1_genomic,1
GCA_017177475.2_Bm-511_genomic,1
GCA_017177485.2_Bm-510_genomic,1
GCA_017177515.1_ASM1717751v1_genomic,1
GCA_017177535.2_ASM1717753v2_genomic,1
GCA_017177615.2_ASM1717761v2_genomic,1
GCA_017177675.1_ASM1717767v1_genomic,1
GCA_017177695.1_ASM1717769v1_genomic,1
GCA_017177715.1_ASM1717771v1_genomic,1
GCA_017177735.1_ASM1717773v1_genomic,1
GCA_017177745.2_ASM1717774v2_genomic,1
GCA_017177815.2_Bm-500_genomic,1
GCA_017177825.2_Bm-498_genomic,1
GCA_017177855.2_Bm-501_genomic,1
GCA_017177875.1_ASM1717787v1_genomic,1
GCA_017177895.1_ASM1717789v1_genomic,1
GCA_017311425.1_ASM1731142v1_genomic,1
GCA_022348405.1_ASM2234840v1_genomic,1
GCA_023093775.1_ASM2309377v1_genomic,1
GCA_023796775.1_ASM2379677v1_genomic,1
GCA_024802385.1_ASM2480238v1_genomic,1
GCA_026413105.1_ASM2641310v1_genomic,1
GCA_026586705.1_ASM2658670v1_genomic,1
GCA_027625455.1_ASM2762545v1_genomic,1
GCA_028129055.1_ASM2812905v1_genomic,1
GCA_028129065.1_ASM2812906v1_genomic,1
GCA_028129075.1_ASM2812907v1_genomic,1
GCA_028129085.1_ASM2812908v1_genomic,1
GCA_029452315.1_ASM2945231v1_genomic,1
GCA_029452385.1_ASM2945238v1_genomic,1
GCA_029452405.1_ASM2945240v1_genomic,1
GCA_029452425.1_ASM2945242v1_genomic,1
GCA_029452465.1_ASM2945246v1_genomic,1
GCA_029452475.1_ASM2945247v1_genomic,1
GCA_029452545.1_ASM2945254v1_genomic,1
GCA_029452585.1_ASM2945258v1_genomic,1
GCA_029452595.1_ASM2945259v1_genomic,1
GCA_029452625.1_ASM2945262v1_genomic,1
GCA_029452665.1_ASM2945266v1_genomic,1
GCA_029452685.1_ASM2945268v1_genomic,1
GCA_029452695.1_ASM2945269v1_genomic,1
GCA_029452725.1_ASM2945272v1_genomic,1
GCA_029452745.1_ASM2945274v1_genomic,1
GCA_029452765.1_ASM2945276v1_genomic,1
GCA_029452785.1_ASM2945278v1_genomic,1
GCA_029452805.1_ASM2945280v1_genomic,1
GCA_029452825.1_ASM2945282v1_genomic,1
GCA_029452845.1_ASM2945284v1_genomic,1
GCA_029452865.1_ASM2945286v1_genomic,1
GCA_029452885.1_ASM2945288v1_genomic,1
GCA_029452905.1_ASM2945290v1_genomic,1
GCA_029452925.1_ASM2945292v1_genomic,1
GCA_029452945.1_ASM2945294v1_genomic,1
GCA_029452965.1_ASM2945296v1_genomic,1
GCA_029452985.1_ASM2945298v1_genomic,1
GCA_029452995.1_ASM2945299v1_genomic,1
GCA_029453025.1_ASM2945302v1_genomic,1
GCA_029453045.1_ASM2945304v1_genomic,1
GCA_029453065.1_ASM2945306v1_genomic,1
GCA_029453085.1_ASM2945308v1_genomic,1
GCA_029453095.1_ASM2945309v1_genomic,1
GCA_029453125.1_ASM2945312v1_genomic,1
GCA_029453145.1_ASM2945314v1_genomic,1
GCA_029453165.1_ASM2945316v1_genomic,1
GCA_029453185.1_ASM2945318v1_genomic,1
GCA_029453205.1_ASM2945320v1_genomic,1
GCA_029453225.1_ASM2945322v1_genomic,1
GCA_029453245.1_ASM2945324v1_genomic,1
GCA_029453265.1_ASM2945326v1_genomic,1
GCA_029453275.1_ASM2945327v1_genomic,1
GCA_029453305.1_ASM2945330v1_genomic,1
GCA_029453325.1_ASM2945332v1_genomic,1
GCA_029453345.1_ASM2945334v1_genomic,1
GCA_029453365.1_ASM2945336v1_genomic,1
GCA_029453385.1_ASM2945338v1_genomic,1
GCA_029453405.1_ASM2945340v1_genomic,1
GCA_029453425.1_ASM2945342v1_genomic,1
GCA_900236335.1_Bru_genome7_genomic,1
GCA_900236345.1_Bru_genome47_genomic,1
GCA_900236355.1_Bru_genome20_genomic,1
GCA_900236365.1_Bru_genome40_genomic,1
GCA_900236375.1_Bru_genome9_genomic,1
GCA_900236385.1_Bru_genome37_genomic,1
GCA_900236395.1_Bru_genome41_genomic,1
GCA_900236405.1_Bru_genome13_genomic,1
GCA_900236415.1_Bru_genome48_genomic,1
GCA_900236425.1_Bru_genome11_genomic,1
GCA_900236435.1_Bru_genome23_genomic,1
GCA_900236445.1_Bru_genome2_genomic,1
GCA_900236455.1_Bru_genome44_genomic,1
GCA_900236465.1_Bru_genome45_genomic,1
GCA_900236485.1_Bru_genome24_genomic,1
GCA_900236495.1_Bru_genome46_genomic,1
GCA_900236515.1_Bru_genome43_genomic,1
GCA_900236525.1_Bru_genome6_genomic,1
GCA_900236535.1_Bru_genome4_genomic,1
GCA_900236545.1_Bru_genome36_genomic,1
GCA_900236555.1_Bru_genome5_genomic,1
GCA_900236565.1_Bru_genome8_genomic,1
GCA_900236575.1_Bru_genome10_genomic,1
GCA_900236585.1_Bru_genome1_genomic,1
GCA_900417195.1_01-3016-5171_genomic,1
GCA_900417205.1_00-2956-4_genomic,1
GCA_900417215.1_00-4216_genomic,1
GCA_900417225.1_00-2529-3_genomic,1
GCA_900417235.1_00-2782_genomic,1
GCA_900417245.1_00-3099-5734_genomic,1
GCA_900417255.1_00-3099-5733_genomic,1
GCA_900446035.1_59071_C01_genomic,1
GCA_900446075.1_59071_A01_genomic,1
GCA_900446085.1_59302_C02_genomic,1
GCA_900446095.1_59071_B01_genomic,1
GCA_947241755.1_B13_genomic,1
GCA_947241765.1_B80_genomic,1
GCA_947241775.1_B71_genomic,1
GCA_947241785.1_B146_genomic,1
GCA_947241795.1_B158_genomic,1
GCA_947241805.1_B14_genomic,1
GCA_947241815.1_B162_genomic,1
GCA_947241825.1_B127_genomic,1
GCA_947241835.1_B160_genomic,1
GCA_947241855.1_B123_genomic,1
GCA_947241865.1_B15_genomic,1
GCA_947241875.1_B12_genomic,1
GCA_947241885.1_B140_genomic,1
GCA_947241895.1_B50_genomic,1
GCA_947241905.1_B40_genomic,1
GCA_947241915.1_B48_genomic,1
GCA_947241925.1_B51_genomic,1
GCA_947241935.1_B131_genomic,1
GCA_947241955.1_B141_genomic,1
GCA_947241965.1_B125_genomic,1
GCA_947241975.1_B155_genomic,1
GCA_947241985.1_B139_genomic,1
GCA_947242005.1_B111_genomic,1
GCA_947242015.1_B69_genomic,1
GCA_947242025.1_B130_genomic,1
GCA_947242035.1_B5_genomic,1
GCA_947242045.1_B142_genomic,1
GCA_947242055.1_B149_genomic,1
GCA_947242065.1_B65_genomic,1
GCA_947242075.1_B110_genomic,1
GCA_947242085.1_B109_genomic,1
GCA_947242095.1_B135_genomic,1
GCA_947242105.1_B132_genomic,1
GCA_947242125.1_B56_genomic,1
GCA_947242135.1_B20_genomic,1
GCA_947242145.1_B75_genomic,1
GCA_947242155.1_B76_genomic,1
GCA_947242165.1_B68_genomic,1
GCA_947242175.1_B77_genomic,1
GCA_947242185.1_B70_genomic,1
GCA_947242195.1_B17_genomic,1
GCA_947242205.1_B144_genomic,1
GCA_947242215.1_B145_genomic,1
GCA_947242225.1_B82_genomic,1
GCA_947242245.1_B143_genomic,1
GCA_947242255.1_B150_genomic,1
GCA_947242265.1_B78_genomic,1
GCA_947242275.1_B37_genomic,1
GCA_947242285.1_B55_genomic,1
GCA_947242295.1_B67_genomic,1
GCA_947242305.1_B66_genomic,1
GCA_947242315.1_B54_genomic,1
GCA_947242325.1_B10_genomic,1
GCA_947242335.1_B115_genomic,1
GCA_947242345.1_B32_genomic,1
GCA_947242355.1_B152_genomic,1
GCA_947242365.1_B151_genomic,1
GCA_947242375.1_B9_genomic,1
GCA_947242395.1_B120_genomic,1
GCA_947242405.1_B119_genomic,1
GCA_947242415.1_B36_genomic,1
GCA_947242425.1_B114_genomic,1
GCA_947242435.1_B24_genomic,1
GCA_947242445.1_B16_genomic,1
GCA_947242455.1_B18_genomic,1
GCA_947242465.1_B22_genomic,1
GCA_947242475.1_B25_genomic,1
GCA_947242485.1_B79_genomic,1
GCA_947242495.1_B112_genomic,1
GCA_947242505.1_B113_genomic,1
GCA_947242525.1_B57_genomic,1
GCA_947242535.1_B11_genomic,1
GCA_947242545.1_B106_genomic,1
GCA_947242555.1_B108_genomic,1
GCA_947242565.1_B107_genomic,1
GCA_947242575.1_B104_genomic,1
GCA_947242585.1_B35_genomic,1
GCA_947242595.1_B8_genomic,1
GCA_947242605.1_B81_genomic,1
GCA_947242615.1_B85_genomic,1
GCA_947242625.1_B128_genomic,1
GCA_947242635.1_B122_genomic,1
GCA_947242645.1_B52_genomic,1
GCA_947242655.1_B117_genomic,1
GCA_947242665.1_B116_genomic,1
GCA_947242675.1_B2_genomic,1
GCA_947242685.1_B7_genomic,1
GCA_947242705.1_B47_genomic,1
GCA_947242725.1_B133_genomic,1
GCA_947242735.1_B138_genomic,1
GCA_947242745.1_B129_genomic,1
GCA_947242765.1_B23_genomic,1
GCA_947242775.1_B19_genomic,1
GCA_947242785.1_B21_genomic,1
GCA_947242795.1_B137_genomic,1
GCA_947242805.1_B6_genomic,1
GCA_947242815.1_B53_genomic,1
GCA_947242825.1_B154_genomic,1
GCA_947242835.1_B159_genomic,1
GCA_947242845.1_B38_genomic,1
GCA_947242855.1_B156_genomic,1
GCA_947242865.1_B103_genomic,1
GCA_947242875.1_B157_genomic,1
GCA_947242885.1_B134_genomic,1
GCA_014884545.1_ASM1488454v1_genomic,1
GCA_014884565.1_ASM1488456v1_genomic,1
GCA_000600055.1_ASM60005v1_genomic,0
GCA_003994045.1_ASM399404v1_genomic,1
GCA_000209635.2_ASM20963v2_genomic,0
GCA_003994175.1_ASM399417v1_genomic,1
GCA_009218085.1_ASM921808v1_genomic,1
GCA_000740255.1_ASM74025v1_genomic,1
GCA_014884525.1_ASM1488452v1_genomic,1
GCA_000157775.1_ASM15777v1_genomic,1
GCA_000157755.1_ASM15775v1_genomic,0
GCA_000016845.1_ASM1684v1_genomic,0
GCA_000365885.1_Bruc_ovis_IntaBari-2006-46-332_V1_genomic,0
GCA_000365905.1_Bruc_ovis_IntaBari-2010-47-871_V1_genomic,0
GCA_000365925.1_Bruc_ovis_IntaBari-2002-82-58_V1_genomic,0
GCA_000365945.1_Bruc_ovis_IntaBari-2001-319-5096_V1_genomic,0
GCA_000365965.1_Bruc_ovis_IntaBari-2001-319-4082_V1_genomic,0
GCA_000365985.1_Bruc_ovis_IntaBari-2008-114-542_V1_genomic,0
GCA_000366005.1_Bruc_ovis_IntaBari-1993-758_V1_genomic,0
GCA_000366045.1_Bruc_ovis_IntaBari-2009-88-4_V1_genomic,0
GCA_000366065.1_Bruc_ovis_IntaBari-2006-46-348_V1_genomic,0
GCA_000367065.1_Bruc_ovis_80_125_V1_genomic,0
GCA_000367085.1_Bruc_ovis_F8_05B_V1_genomic,0
GCA_000370885.1_Bruc_ovis_63_96_V1_genomic,0
GCA_000370905.1_Bruc_ovis_81_8_V1_genomic,0
GCA_000371345.1_Bruc_ovis_IntaBari-2010-47-268_V1_genomic,0
GCA_900446135.1_58116_C01_genomic,0
GCA_014884485.1_ASM1488448v1_genomic,0
GCA_000007505.1_ASM750v1_genomic,1
GCA_000223195.1_ASM22319v1_genomic,1
GCA_000742005.1_ASM74200v1_genomic,1
GCA_002749475.1_ASM274947v1_genomic,1
GCA_004684165.1_ASM468416v1_genomic,1
GCA_900446145.1_59071_D01_genomic,1
GCA_900460605.1_58116_D02_genomic,1
GCA_000740235.1_ASM74023v1_genomic,0
